{
  "train_loss": [
    1.281815967547429
  ],
  "train_acc": [
    0.5202532467532468
  ],
  "val_loss": [
    1.2284845338012234
  ],
  "val_acc": [
    0.5403636363636364
  ],
  "best_epoch": 1,
  "best_val_loss": 1.2284845338012234
}