{
  "config": {
    "dataset_name": "RML2016.10a",
    "data_path": "data/RML2016.10a_dict.pkl",
    "model_name": "resnet1d",
    "epochs": 1,
    "batch_size": 512,
    "lr": 0.001,
    "weight_decay": 0.0001,
    "device": "cuda",
    "num_workers": 0,
    "save_dir": "results/gpu_smoke",
    "random_seed": 42,
    "base_channels": 64,
    "dropout": 0.2,
    "early_stopping_patience": 5
  },
  "data_spec": {
    "x_shape": [
      2,
      128
    ],
    "y_shape": [],
    "snr_shape": [],
    "n_classes_guess": null
  },
  "classes": [
    "8PSK",
    "AM-DSB",
    "AM-SSB",
    "BPSK",
    "CPFSK",
    "GFSK",
    "PAM4",
    "QAM16",
    "QAM64",
    "QPSK",
    "WBFM"
  ],
  "best_epoch": 1,
  "best_val_loss": 1.2284845338012234,
  "test_metrics": {
    "loss": 1.231084560394287,
    "acc": 0.539
  },
  "accuracy_by_snr": {
    "-20": 0.09575757575757576,
    "-18": 0.09151515151515152,
    "-16": 0.09090909090909091,
    "-14": 0.10727272727272727,
    "-12": 0.1484848484848485,
    "-10": 0.2193939393939394,
    "-8": 0.33515151515151514,
    "-6": 0.4587878787878788,
    "-4": 0.5496969696969697,
    "-2": 0.6733333333333333,
    "0": 0.7521212121212121,
    "2": 0.7963636363636364,
    "4": 0.8018181818181818,
    "6": 0.8090909090909091,
    "8": 0.8054545454545454,
    "10": 0.8103030303030303,
    "12": 0.8133333333333334,
    "14": 0.8042424242424242,
    "16": 0.8072727272727273,
    "18": 0.8096969696969697
  },
  "confusion_matrix": [
    [
      1640,
      8,
      971,
      104,
      34,
      41,
      79,
      5,
      72,
      46,
      0
    ],
    [
      8,
      1957,
      818,
      23,
      5,
      59,
      40,
      0,
      1,
      5,
      84
    ],
    [
      11,
      3,
      2844,
      46,
      10,
      19,
      52,
      0,
      1,
      13,
      1
    ],
    [
      38,
      4,
      946,
      1734,
      5,
      26,
      226,
      1,
      9,
      10,
      1
    ],
    [
      86,
      4,
      944,
      23,
      1761,
      57,
      69,
      0,
      32,
      23,
      1
    ],
    [
      14,
      76,
      895,
      21,
      17,
      1825,
      40,
      0,
      2,
      4,
      106
    ],
    [
      16,
      5,
      682,
      97,
      6,
      24,
      2136,
      1,
      20,
      13,
      0
    ],
    [
      226,
      1,
      619,
      71,
      22,
      28,
      104,
      8,
      1875,
      45,
      1
    ],
    [
      169,
      4,
      391,
      69,
      22,
      18,
      117,
      6,
      2164,
      40,
      0
    ],
    [
      283,
      2,
      957,
      104,
      69,
      24,
      90,
      4,
      82,
      1384,
      1
    ],
    [
      1,
      1574,
      847,
      14,
      13,
      179,
      32,
      0,
      0,
      6,
      334
    ]
  ],
  "trainable_parameters": 958475,
  "training_time_sec": 20.65124900000228
}