{
  "train_loss": [
    1.2862691194360907
  ],
  "train_acc": [
    0.5177532467532467
  ],
  "val_loss": [
    1.2116852198514072
  ],
  "val_acc": [
    0.540060606060606
  ],
  "best_epoch": 1,
  "best_val_loss": 1.2116852198514072
}