{
  "config": {
    "dataset_name": "RML2016.10a",
    "data_path": "data/RML2016.10a_dict.pkl",
    "model_name": "resnet1d",
    "epochs": 1,
    "batch_size": 512,
    "lr": 0.001,
    "weight_decay": 0.0001,
    "device": "cuda",
    "num_workers": 0,
    "save_dir": "results",
    "random_seed": 42,
    "base_channels": 64,
    "dropout": 0.2,
    "early_stopping_patience": 5
  },
  "data_spec": {
    "x_shape": [
      2,
      128
    ],
    "y_shape": [],
    "snr_shape": [],
    "n_classes_guess": null
  },
  "classes": [
    "8PSK",
    "AM-DSB",
    "AM-SSB",
    "BPSK",
    "CPFSK",
    "GFSK",
    "PAM4",
    "QAM16",
    "QAM64",
    "QPSK",
    "WBFM"
  ],
  "best_epoch": 1,
  "best_val_loss": 1.2116852198514072,
  "test_metrics": {
    "loss": 1.213897197232102,
    "acc": 0.540060606060606
  },
  "accuracy_by_snr": {
    "-20": 0.09151515151515152,
    "-18": 0.09212121212121212,
    "-16": 0.08969696969696969,
    "-14": 0.10484848484848484,
    "-12": 0.14666666666666667,
    "-10": 0.21818181818181817,
    "-8": 0.32606060606060605,
    "-6": 0.4618181818181818,
    "-4": 0.5793939393939394,
    "-2": 0.6909090909090909,
    "0": 0.7739393939393939,
    "2": 0.803030303030303,
    "4": 0.7945454545454546,
    "6": 0.8109090909090909,
    "8": 0.7987878787878788,
    "10": 0.8054545454545454,
    "12": 0.813939393939394,
    "14": 0.8072727272727273,
    "16": 0.7878787878787878,
    "18": 0.8042424242424242
  },
  "confusion_matrix": [
    [
      1610,
      16,
      948,
      134,
      42,
      16,
      21,
      5,
      75,
      125,
      8
    ],
    [
      12,
      1698,
      766,
      37,
      4,
      43,
      21,
      0,
      0,
      4,
      415
    ],
    [
      24,
      14,
      2795,
      92,
      11,
      9,
      24,
      1,
      0,
      28,
      2
    ],
    [
      47,
      10,
      933,
      1867,
      11,
      10,
      66,
      0,
      15,
      36,
      5
    ],
    [
      77,
      20,
      913,
      55,
      1775,
      28,
      25,
      3,
      34,
      63,
      7
    ],
    [
      11,
      109,
      889,
      32,
      51,
      1679,
      27,
      1,
      4,
      14,
      183
    ],
    [
      29,
      12,
      656,
      209,
      11,
      11,
      1995,
      1,
      35,
      36,
      5
    ],
    [
      213,
      4,
      589,
      108,
      30,
      7,
      32,
      10,
      1904,
      100,
      3
    ],
    [
      157,
      8,
      381,
      105,
      18,
      9,
      35,
      2,
      2196,
      87,
      2
    ],
    [
      166,
      13,
      936,
      117,
      51,
      10,
      39,
      3,
      84,
      1575,
      6
    ],
    [
      7,
      1385,
      797,
      26,
      17,
      130,
      11,
      0,
      0,
      5,
      622
    ]
  ],
  "trainable_parameters": 958475,
  "training_time_sec": 247.78815969999414
}