{
  "train_loss": [
    1.2818680460174363,
    1.166397718058004,
    1.1384745020804468,
    1.1239503312048973,
    1.1114997161023028,
    1.0997991463549726,
    1.0985119097201854,
    1.086083083970206,
    1.0795865621690626,
    1.0727157778554148
  ],
  "train_acc": [
    0.5201103896103896,
    0.5673506493506494,
    0.581025974025974,
    0.5866623376623377,
    0.5916753246753247,
    0.5972792207792208,
    0.596935064935065,
    0.6028376623376623,
    0.6047662337662337,
    0.6076298701298701
  ],
  "val_loss": [
    1.199377881339102,
    1.1440701513001412,
    1.1722309604991565,
    1.135170518354936,
    1.1284891384587143,
    1.1324062561555341,
    1.174136650461139,
    1.096646243095398,
    1.1009226421876388,
    1.1251573238661794
  ],
  "val_acc": [
    0.5474848484848485,
    0.5772424242424242,
    0.5637272727272727,
    0.5857272727272728,
    0.5854545454545454,
    0.5884242424242424,
    0.5815454545454546,
    0.6006060606060606,
    0.6002424242424242,
    0.5930909090909091
  ],
  "best_epoch": 8,
  "best_val_loss": 1.096646243095398
}