{
  "config": {
    "dataset_name": "RML2016.10a",
    "data_path": "data/RML2016.10a_dict.pkl",
    "model_name": "resnet1d",
    "epochs": 10,
    "batch_size": 512,
    "lr": 0.001,
    "weight_decay": 0.0001,
    "device": "cuda",
    "num_workers": 0,
    "save_dir": "results/gpu_resnet10",
    "random_seed": 42,
    "base_channels": 64,
    "dropout": 0.2,
    "early_stopping_patience": 5
  },
  "data_spec": {
    "x_shape": [
      2,
      128
    ],
    "y_shape": [],
    "snr_shape": [],
    "n_classes_guess": null
  },
  "classes": [
    "8PSK",
    "AM-DSB",
    "AM-SSB",
    "BPSK",
    "CPFSK",
    "GFSK",
    "PAM4",
    "QAM16",
    "QAM64",
    "QPSK",
    "WBFM"
  ],
  "best_epoch": 8,
  "best_val_loss": 1.096646243095398,
  "test_metrics": {
    "loss": 1.0935601072600394,
    "acc": 0.6006060606060606
  },
  "accuracy_by_snr": {
    "-20": 0.09272727272727273,
    "-18": 0.0993939393939394,
    "-16": 0.0993939393939394,
    "-14": 0.12787878787878787,
    "-12": 0.16787878787878788,
    "-10": 0.2381818181818182,
    "-8": 0.36424242424242426,
    "-6": 0.5230303030303031,
    "-4": 0.6593939393939394,
    "-2": 0.78,
    "0": 0.8393939393939394,
    "2": 0.8727272727272727,
    "4": 0.8678787878787879,
    "6": 0.8975757575757576,
    "8": 0.8939393939393939,
    "10": 0.9066666666666666,
    "12": 0.896969696969697,
    "14": 0.8854545454545455,
    "16": 0.8981818181818182,
    "18": 0.9012121212121212
  },
  "confusion_matrix": [
    [
      1622,
      11,
      824,
      95,
      50,
      16,
      16,
      39,
      97,
      202,
      28
    ],
    [
      14,
      1842,
      635,
      33,
      21,
      53,
      12,
      3,
      4,
      30,
      353
    ],
    [
      49,
      32,
      2607,
      98,
      42,
      25,
      19,
      17,
      3,
      75,
      33
    ],
    [
      52,
      15,
      815,
      1899,
      27,
      13,
      65,
      12,
      31,
      55,
      16
    ],
    [
      62,
      19,
      771,
      59,
      1852,
      33,
      12,
      22,
      49,
      96,
      25
    ],
    [
      27,
      43,
      759,
      47,
      39,
      1914,
      9,
      11,
      13,
      26,
      112
    ],
    [
      37,
      6,
      576,
      182,
      25,
      18,
      2033,
      23,
      35,
      46,
      19
    ],
    [
      115,
      9,
      500,
      83,
      39,
      13,
      18,
      1495,
      596,
      120,
      12
    ],
    [
      74,
      9,
      278,
      68,
      41,
      9,
      26,
      280,
      2073,
      130,
      12
    ],
    [
      133,
      12,
      791,
      100,
      44,
      21,
      25,
      37,
      94,
      1727,
      16
    ],
    [
      13,
      1321,
      674,
      22,
      22,
      143,
      7,
      10,
      3,
      29,
      756
    ]
  ],
  "trainable_parameters": 958475,
  "training_time_sec": 218.01283469999908
}