{
  "train_loss": [
    1.3941108557094226,
    1.2521614290831926,
    1.2209201549059385,
    1.2021546799795968,
    1.189999154895931,
    1.1788823984938783,
    1.1724165810795573,
    1.1641138323622864,
    1.1572462319956198,
    1.15095572092626
  ],
  "train_acc": [
    0.48144155844155845,
    0.526064935064935,
    0.5368311688311689,
    0.5440909090909091,
    0.547474025974026,
    0.5519675324675325,
    0.5551623376623377,
    0.5582207792207792,
    0.5608441558441558,
    0.5645519480519481
  ],
  "val_loss": [
    1.357041538325223,
    1.2687515968264955,
    1.2817256743980177,
    1.7536323227448898,
    1.268310672268723,
    1.2180085620880128,
    1.3435054617795077,
    1.2104892709327466,
    1.2070021692333799,
    1.280268094698588
  ],
  "val_acc": [
    0.48627272727272725,
    0.522090909090909,
    0.5213939393939394,
    0.4144242424242424,
    0.5213939393939394,
    0.5377878787878788,
    0.4919090909090909,
    0.5475757575757576,
    0.5483939393939394,
    0.5273939393939394
  ],
  "best_epoch": 9,
  "best_val_loss": 1.2070021692333799
}