{
  "config": {
    "dataset_name": "RML2016.10a",
    "data_path": "data/RML2016.10a_dict.pkl",
    "model_name": "baseline_cnn",
    "epochs": 10,
    "batch_size": 256,
    "lr": 0.001,
    "weight_decay": 0.0001,
    "device": "cuda",
    "num_workers": 0,
    "save_dir": "results/epoch10",
    "random_seed": 42,
    "base_channels": 64,
    "dropout": 0.2,
    "early_stopping_patience": 5
  },
  "data_spec": {
    "x_shape": [
      2,
      128
    ],
    "y_shape": [],
    "snr_shape": [],
    "n_classes_guess": null
  },
  "classes": [
    "8PSK",
    "AM-DSB",
    "AM-SSB",
    "BPSK",
    "CPFSK",
    "GFSK",
    "PAM4",
    "QAM16",
    "QAM64",
    "QPSK",
    "WBFM"
  ],
  "best_epoch": 9,
  "best_val_loss": 1.2070021692333799,
  "test_metrics": {
    "loss": 1.2057887278759118,
    "acc": 0.5484545454545454
  },
  "accuracy_by_snr": {
    "-20": 0.09272727272727273,
    "-18": 0.09454545454545454,
    "-16": 0.09454545454545454,
    "-14": 0.09696969696969697,
    "-12": 0.11515151515151516,
    "-10": 0.18545454545454546,
    "-8": 0.29878787878787877,
    "-6": 0.47878787878787876,
    "-4": 0.5915151515151515,
    "-2": 0.7018181818181818,
    "0": 0.7787878787878788,
    "2": 0.7987878787878788,
    "4": 0.8181818181818182,
    "6": 0.8406060606060606,
    "8": 0.8266666666666667,
    "10": 0.8278787878787879,
    "12": 0.8466666666666667,
    "14": 0.813939393939394,
    "16": 0.8369696969696969,
    "18": 0.8303030303030303
  },
  "confusion_matrix": [
    [
      1393,
      4,
      1063,
      17,
      74,
      31,
      10,
      140,
      8,
      209,
      51
    ],
    [
      1,
      1671,
      754,
      1,
      6,
      58,
      3,
      0,
      0,
      1,
      505
    ],
    [
      1,
      5,
      2938,
      1,
      11,
      3,
      3,
      0,
      0,
      0,
      38
    ],
    [
      37,
      8,
      1064,
      1722,
      13,
      21,
      82,
      17,
      4,
      10,
      22
    ],
    [
      12,
      7,
      1019,
      4,
      1830,
      52,
      3,
      15,
      3,
      10,
      45
    ],
    [
      3,
      45,
      940,
      0,
      18,
      1766,
      3,
      1,
      0,
      2,
      222
    ],
    [
      21,
      5,
      793,
      104,
      9,
      16,
      1996,
      16,
      2,
      4,
      34
    ],
    [
      120,
      2,
      716,
      17,
      47,
      24,
      35,
      1365,
      595,
      53,
      26
    ],
    [
      84,
      3,
      480,
      20,
      47,
      17,
      42,
      1165,
      1061,
      55,
      26
    ],
    [
      81,
      3,
      1056,
      28,
      77,
      28,
      14,
      84,
      12,
      1579,
      38
    ],
    [
      1,
      1280,
      795,
      0,
      5,
      139,
      1,
      1,
      0,
      0,
      778
    ]
  ],
  "trainable_parameters": 144331,
  "training_time_sec": 460.53033790001064
}