{
  "train_loss": [
    1.4510946476800102
  ],
  "train_acc": [
    0.4664935064935065
  ],
  "val_loss": [
    2.255830081997496
  ],
  "val_acc": [
    0.26045454545454544
  ],
  "best_epoch": 1,
  "best_val_loss": 2.255830081997496
}