{
  "config": {
    "dataset_name": "RML2016.10a",
    "data_path": "data/RML2016.10a_dict.pkl",
    "model_name": "baseline_cnn",
    "epochs": 1,
    "batch_size": 512,
    "lr": 0.001,
    "weight_decay": 0.0001,
    "device": "cuda",
    "num_workers": 0,
    "save_dir": "results",
    "random_seed": 42,
    "base_channels": 64,
    "dropout": 0.2,
    "early_stopping_patience": 5
  },
  "data_spec": {
    "x_shape": [
      2,
      128
    ],
    "y_shape": [],
    "snr_shape": [],
    "n_classes_guess": null
  },
  "classes": [
    "8PSK",
    "AM-DSB",
    "AM-SSB",
    "BPSK",
    "CPFSK",
    "GFSK",
    "PAM4",
    "QAM16",
    "QAM64",
    "QPSK",
    "WBFM"
  ],
  "best_epoch": 1,
  "best_val_loss": 2.255830081997496,
  "test_metrics": {
    "loss": 2.259258684794108,
    "acc": 0.25596969696969696
  },
  "accuracy_by_snr": {
    "-20": 0.10363636363636364,
    "-18": 0.10909090909090909,
    "-16": 0.11818181818181818,
    "-14": 0.13818181818181818,
    "-12": 0.15575757575757576,
    "-10": 0.1509090909090909,
    "-8": 0.14727272727272728,
    "-6": 0.16,
    "-4": 0.19090909090909092,
    "-2": 0.23393939393939395,
    "0": 0.26666666666666666,
    "2": 0.3109090909090909,
    "4": 0.3509090909090909,
    "6": 0.3933333333333333,
    "8": 0.37454545454545457,
    "10": 0.37272727272727274,
    "12": 0.40484848484848485,
    "14": 0.3812121212121212,
    "16": 0.37333333333333335,
    "18": 0.38303030303030305
  },
  "confusion_matrix": [
    [
      26,
      0,
      23,
      0,
      634,
      12,
      0,
      0,
      2283,
      10,
      12
    ],
    [
      0,
      228,
      9,
      304,
      457,
      448,
      340,
      0,
      692,
      0,
      522
    ],
    [
      0,
      2,
      80,
      0,
      1952,
      38,
      0,
      0,
      891,
      0,
      37
    ],
    [
      0,
      0,
      23,
      188,
      634,
      12,
      753,
      0,
      1381,
      1,
      8
    ],
    [
      0,
      1,
      18,
      0,
      1843,
      8,
      0,
      0,
      1116,
      0,
      14
    ],
    [
      0,
      4,
      14,
      0,
      753,
      1432,
      1,
      0,
      729,
      0,
      67
    ],
    [
      0,
      1,
      9,
      1,
      468,
      13,
      1403,
      0,
      1100,
      0,
      5
    ],
    [
      0,
      0,
      9,
      0,
      397,
      7,
      0,
      0,
      2585,
      0,
      2
    ],
    [
      0,
      0,
      4,
      0,
      245,
      4,
      1,
      0,
      2743,
      0,
      3
    ],
    [
      13,
      0,
      22,
      0,
      643,
      10,
      0,
      0,
      2263,
      40,
      9
    ],
    [
      0,
      105,
      10,
      263,
      529,
      643,
      314,
      0,
      672,
      0,
      464
    ]
  ],
  "trainable_parameters": 144331,
  "training_time_sec": 43.236425499999314
}