{
  "config": {
    "dataset_name": "RML2016.10a",
    "data_path": "data/RML2016.10a_dict.pkl",
    "model_name": "baseline_cnn",
    "epochs": 0,
    "batch_size": 1024,
    "lr": 0.001,
    "weight_decay": 0.0001,
    "device": "cuda",
    "num_workers": 0,
    "save_dir": "results/smoke_plot",
    "random_seed": 42,
    "base_channels": 64,
    "dropout": 0.2,
    "early_stopping_patience": 5
  },
  "data_spec": {
    "x_shape": [
      2,
      128
    ],
    "y_shape": [],
    "snr_shape": [],
    "n_classes_guess": null
  },
  "classes": [
    "8PSK",
    "AM-DSB",
    "AM-SSB",
    "BPSK",
    "CPFSK",
    "GFSK",
    "PAM4",
    "QAM16",
    "QAM64",
    "QPSK",
    "WBFM"
  ],
  "best_epoch": 0,
  "best_val_loss": Infinity,
  "test_metrics": {
    "loss": 2.3983537337563257,
    "acc": 0.09090909090909091
  },
  "accuracy_by_snr": {
    "-20": 0.09090909090909091,
    "-18": 0.09090909090909091,
    "-16": 0.09090909090909091,
    "-14": 0.09090909090909091,
    "-12": 0.09090909090909091,
    "-10": 0.09090909090909091,
    "-8": 0.09090909090909091,
    "-6": 0.09090909090909091,
    "-4": 0.09090909090909091,
    "-2": 0.09090909090909091,
    "0": 0.09090909090909091,
    "2": 0.09090909090909091,
    "4": 0.09090909090909091,
    "6": 0.09090909090909091,
    "8": 0.09090909090909091,
    "10": 0.09090909090909091,
    "12": 0.09090909090909091,
    "14": 0.09090909090909091,
    "16": 0.09090909090909091,
    "18": 0.09090909090909091
  },
  "confusion_matrix": [
    [
      0,
      0,
      0,
      0,
      3000,
      0,
      0,
      0,
      0,
      0,
      0
    ],
    [
      0,
      0,
      0,
      0,
      3000,
      0,
      0,
      0,
      0,
      0,
      0
    ],
    [
      0,
      0,
      0,
      0,
      3000,
      0,
      0,
      0,
      0,
      0,
      0
    ],
    [
      0,
      0,
      0,
      0,
      3000,
      0,
      0,
      0,
      0,
      0,
      0
    ],
    [
      0,
      0,
      0,
      0,
      3000,
      0,
      0,
      0,
      0,
      0,
      0
    ],
    [
      0,
      0,
      0,
      0,
      3000,
      0,
      0,
      0,
      0,
      0,
      0
    ],
    [
      0,
      0,
      0,
      0,
      3000,
      0,
      0,
      0,
      0,
      0,
      0
    ],
    [
      0,
      0,
      0,
      0,
      3000,
      0,
      0,
      0,
      0,
      0,
      0
    ],
    [
      0,
      0,
      0,
      0,
      3000,
      0,
      0,
      0,
      0,
      0,
      0
    ],
    [
      0,
      0,
      0,
      0,
      3000,
      0,
      0,
      0,
      0,
      0,
      0
    ],
    [
      0,
      0,
      0,
      0,
      3000,
      0,
      0,
      0,
      0,
      0,
      0
    ]
  ],
  "trainable_parameters": 144331,
  "training_time_sec": 0.00211130001116544
}